precision,accuracy,recall,duration
0.990392397293455,0.9951923076923077,0.9914995389580452,13963.684302091599
