precision,accuracy,recall,duration
0.9310126582278482,0.937984496124031,0.9378858024691358,193.73704171180725
