precision,accuracy,recall,duration
0.812764158918005,0.8535564853556485,0.8271441202475686,0.0008683204650878906
