precision,accuracy,recall,duration
0.9523809523809522,0.95,0.9500000000000001,1.5738542079925537
