precision,accuracy,recall,duration
0.948015873015873,0.9457364341085271,0.935570987654321,128.52588748931885
