precision,accuracy,recall,duration
0.8237874097007224,0.8619246861924686,0.8328912466843501,156.18518996238708
