precision,accuracy,recall,duration
0.9076443480618054,0.9087591240875912,0.9068722943722944,271.2773849964142
