precision,accuracy,recall,duration
0.9075255102040816,0.9147286821705426,0.9108796296296297,0.0008533000946044922
