precision,accuracy,recall,duration
0.8074698189134808,0.8493723849372385,0.8242705570291777,155.35799074172974
