precision,accuracy,recall,duration
0.8878968253968254,0.9310344827586207,0.9376865671641791,561.943324804306
