precision,accuracy,recall,duration
0.9021173203748698,0.9246861924686193,0.9097259062776304,235.75971460342407
