precision,accuracy,recall,duration
0.7392003624419526,0.848780487804878,0.7252852049910873,225.25669527053833
