precision,accuracy,recall,duration
0.860117644417503,0.8731707317073171,0.7144028520499108,224.58390259742737
