precision,accuracy,recall,duration
0.8968253968253967,0.8992248062015504,0.8858024691358024,139.14760637283325
