precision,accuracy,recall,duration
0.98954757287174,0.9938811188811189,0.9873328722913786,13994.764796257019
