precision,accuracy,recall,duration
0.8966666666666667,0.9069767441860465,0.9131944444444444,129.81031942367554
