precision,accuracy,recall,duration
0.9208043694141013,0.9302325581395349,0.9359567901234568,188.79261422157288
