precision,accuracy,recall,duration
0.9211622807017543,0.9197080291970803,0.9156926406926407,0.0008604526519775391
