precision,accuracy,recall,duration
0.9293206793206793,0.937984496124031,0.9421296296296297,188.59424662590027
