precision,accuracy,recall,duration
0.9136513157894737,0.9124087591240876,0.9082792207792207,273.39023423194885
