precision,accuracy,recall,duration
0.911723163841808,0.9124087591240876,0.9101190476190477,410.7918677330017
