precision,accuracy,recall,duration
0.933641975308642,0.937984496124031,0.933641975308642,0.0008592605590820312
