precision,accuracy,recall,duration
0.9255482878030011,0.9233576642335767,0.918939393939394,407.1861696243286
