precision,accuracy,recall,duration
0.9310126582278482,0.937984496124031,0.9378858024691358,135.2017800807953
