precision,accuracy,recall,duration
0.7672413793103448,0.8275862068965517,0.8354477611940299,216.44651699066162
