precision,accuracy,recall,duration
0.9146835443037975,0.9224806201550387,0.9212962962962963,131.22796535491943
