precision,accuracy,recall,duration
0.7399710504549214,0.848780487804878,0.6791889483065954,0.0008783340454101562
