precision,accuracy,recall,duration
0.9125927542557835,0.9124087591240876,0.9091991341991341,410.4560112953186
