precision,accuracy,recall,duration
0.702124183006536,0.848780487804878,0.6633689839572192,215.33538699150085
