precision,accuracy,recall,duration
0.8446464646464646,0.87248322147651,0.8645299145299146,171.7510862350464
