precision,accuracy,recall,duration
0.9404336734693878,0.9457364341085271,0.9440586419753086,136.20911478996277
