precision,accuracy,recall,duration
0.9372708224201153,0.937984496124031,0.9293981481481481,0.0008556842803955078
