precision,accuracy,recall,duration
0.8434343434343434,0.8744769874476988,0.8366931918656056,155.46159887313843
