precision,accuracy,recall,duration
0.9898290424267628,0.9943181818181818,0.9887217611802674,13935.179852962494
