precision,accuracy,recall,duration
0.8726495726495727,0.8926174496644296,0.8726495726495727,173.08200430870056
