precision,accuracy,recall,duration
0.8571253071253071,0.8682170542635659,0.8738425925925926,129.9959614276886
