precision,accuracy,recall,duration
0.8971028971028971,0.9069767441860465,0.9089506172839505,192.86838579177856
