precision,accuracy,recall,duration
0.9887478850623952,0.9943181818181818,0.9898513139695713,13969.072305440903
