precision,accuracy,recall,duration
0.8834742180896027,0.9121338912133892,0.901105216622458,235.97518730163574
