precision,accuracy,recall,duration
0.9134199134199135,0.9425287356321839,0.9276119402985075,544.4530076980591
