precision,accuracy,recall,duration
0.9241258741258742,0.9540229885057471,0.9526119402985074,471.18169593811035
