precision,accuracy,recall,duration
0.7167641325536063,0.937641723356009,0.6119162640901772,56.58702230453491
