precision,accuracy,recall,duration
0.9736842105263157,0.9583333333333334,0.9166666666666667,52.28912854194641
