precision,accuracy,recall,duration
0.9104875501566536,0.9087591240875912,0.9041125541125541,412.0616075992584
