precision,accuracy,recall,duration
0.8937062937062937,0.9310344827586207,0.9201492537313434,533.0171556472778
