precision,accuracy,recall,duration
0.9368172790466733,0.9457364341085271,0.9525462962962963,129.6422836780548
