precision,accuracy,recall,duration
0.9224537037037037,0.9197080291970803,0.9147727272727273,371.96823930740356
