precision,accuracy,recall,duration
0.9736842105263157,0.9583333333333334,0.9166666666666667,53.039841651916504
