precision,accuracy,recall,duration
0.891640866873065,0.9195402298850575,0.8776119402985074,546.4123136997223
