precision,accuracy,recall,duration
0.893569844789357,0.8905109489051095,0.8841991341991342,271.8209240436554
