precision,accuracy,recall,duration
0.8092754832429426,0.8731707317073171,0.7297682709447416,211.51811361312866
