precision,accuracy,recall,duration
0.9372708224201153,0.937984496124031,0.9293981481481481,193.86624193191528
