precision,accuracy,recall,duration
0.8662790697674418,0.8682170542635659,0.8483796296296297,128.56106996536255
