precision,accuracy,recall,duration
0.9546236033777056,0.9590766002098636,0.9595634144068587,270.1108446121216
