precision,accuracy,recall,duration
0.9293206793206793,0.937984496124031,0.9421296296296297,207.01896619796753
