precision,accuracy,recall,duration
0.8221889554224884,0.8619246861924686,0.842528735632184,156.3950536251068
