precision,accuracy,recall,duration
0.6589285714285714,0.8846153846153846,0.6790744466800804,362.1414530277252
