precision,accuracy,recall,duration
0.876751427088739,0.8837209302325582,0.8734567901234568,130.95655274391174
