precision,accuracy,recall,duration
0.7573342708699559,0.8439024390243902,0.6754010695187166,225.52079725265503
