precision,accuracy,recall,duration
0.9219457013574661,0.9302325581395349,0.931712962962963,131.71287298202515
