precision,accuracy,recall,duration
0.9057315233785822,0.9147286821705426,0.9151234567901234,137.4901077747345
