precision,accuracy,recall,duration
0.8761759366232051,0.9079497907949791,0.9030503978779841,0.0008740425109863281
