precision,accuracy,recall,duration
0.78125,0.8333333333333334,0.8333333333333334,0.0008816719055175781
