precision,accuracy,recall,duration
0.9945054945054945,0.9944444444444445,0.9944444444444445,536.6676526069641
