precision,accuracy,recall,duration
0.8459012086179716,0.8786610878661087,0.8492042440318303,210.73763632774353
