precision,accuracy,recall,duration
0.8910714285714285,0.8992248062015504,0.8942901234567902,190.09503364562988
