precision,accuracy,recall,duration
0.9736842105263157,0.9583333333333334,0.9166666666666667,62.587430477142334
