precision,accuracy,recall,duration
0.8544013350020859,0.8791946308724832,0.8630341880341881,171.88793087005615
