precision,accuracy,recall,duration
0.7817016317016316,0.8120805369127517,0.7582264957264957,170.56420135498047
