precision,accuracy,recall,duration
0.9436948624805397,0.9457364341085271,0.9398148148148148,205.88953852653503
