precision,accuracy,recall,duration
0.9502314814814814,0.9534883720930233,0.9502314814814814,56.869872093200684
