precision,accuracy,recall,duration
0.9029571813334799,0.9014598540145985,0.8966991341991342,408.21608448028564
