precision,accuracy,recall,duration
0.9350746268656717,0.9540229885057471,0.9350746268656717,0.002159595489501953
