precision,accuracy,recall,duration
0.9419786096256685,0.937984496124031,0.9251543209876543,129.14933156967163
