precision,accuracy,recall,duration
0.8820253164556962,0.8914728682170543,0.8881172839506173,132.65600514411926
