precision,accuracy,recall,duration
0.8970156555772995,0.9069767441860465,0.9174382716049383,207.81055521965027
