precision,accuracy,recall,duration
0.9170524691358024,0.9224806201550387,0.9170524691358024,57.40976285934448
