precision,accuracy,recall,duration
0.9269590036325894,0.9302325581395349,0.9232253086419753,506.13703083992004
