precision,accuracy,recall,duration
0.762962962962963,0.8275862068965517,0.817910447761194,193.08516907691956
