precision,accuracy,recall,duration
0.5970279720279721,0.9251700680272109,0.5446859903381642,53.607290267944336
