precision,accuracy,recall,duration
0.95,0.9166666666666666,0.8333333333333333,0.0007584095001220703
