precision,accuracy,recall,duration
0.9034834992142482,0.9069767441860465,0.8962191358024691,129.54611372947693
