precision,accuracy,recall,duration
0.7065694162468356,0.8390243902439024,0.6883422459893048,227.49627661705017
