precision,accuracy,recall,duration
0.7861705742439687,0.8439024390243902,0.6749465240641711,224.8217077255249
