precision,accuracy,recall,duration
0.8772577996715928,0.875968992248062,0.8545524691358024,130.6653347015381
