precision,accuracy,recall,duration
0.8277310924369747,0.875,0.8611111111111112,52.40414357185364
