precision,accuracy,recall,duration
0.9149029982363316,0.9124087591240876,0.9073593073593074,0.0007829666137695312
