precision,accuracy,recall,duration
0.9239795918367346,0.9302325581395349,0.9274691358024691,134.3218011856079
