precision,accuracy,recall,duration
0.8895173453996983,0.8992248062015504,0.898533950617284,129.92401123046875
