precision,accuracy,recall,duration
0.9523809523809522,0.95,0.9500000000000001,619.463766336441
