precision,accuracy,recall,duration
0.900462962962963,0.9069767441860465,0.900462962962963,130.68803882598877
