precision,accuracy,recall,duration
0.6822974472807991,0.9319727891156463,0.6175523349436393,56.44222116470337
