precision,accuracy,recall,duration
0.7107036754095578,0.8292682926829268,0.7282263814616755,212.59640550613403
