precision,accuracy,recall,duration
0.8797619047619047,0.8837209302325582,0.869212962962963,127.9189965724945
