precision,accuracy,recall,duration
0.7823301381304472,0.8585365853658536,0.7979590017825311,213.8150191307068
