precision,accuracy,recall,duration
0.9258658008658008,0.927007299270073,0.9258658008658008,411.5671682357788
