precision,accuracy,recall,duration
0.8887785501489573,0.8992248062015504,0.9027777777777777,136.65180802345276
