precision,accuracy,recall,duration
0.9193887138672414,0.916058394160584,0.9106060606060606,413.0866837501526
