precision,accuracy,recall,duration
0.9444444444444444,0.9565217391304348,0.9666666666666667,79.0813958644867
