precision,accuracy,recall,duration
0.9614122767940008,0.9643231899265478,0.9632955922094866,133.21942162513733
