precision,accuracy,recall,duration
0.8865898376113148,0.8914728682170543,0.8796296296296297,130.45779967308044
