precision,accuracy,recall,duration
0.9036255411255412,0.9051094890510949,0.9036255411255412,271.9799361228943
