precision,accuracy,recall,duration
0.9901106500691563,0.9947552447552448,0.9901106500691563,14025.004454135895
