precision,accuracy,recall,duration
0.9247326203208556,0.9224806201550387,0.9085648148148148,128.38053798675537
