precision,accuracy,recall,duration
0.7538720538720538,0.8536585365853658,0.7471657754010695,211.50082278251648
