precision,accuracy,recall,duration
0.9372708224201153,0.937984496124031,0.9293981481481481,189.9836082458496
