precision,accuracy,recall,duration
0.9047914597815293,0.9147286821705426,0.9193672839506173,135.7759828567505
