precision,accuracy,recall,duration
0.7444444444444445,0.7916666666666666,0.8055555555555556,53.14516353607178
