precision,accuracy,recall,duration
0.9901106500691563,0.9947552447552448,0.9901106500691563,0.0009763240814208984
