precision,accuracy,recall,duration
0.9044871794871795,0.9194630872483222,0.9044871794871795,172.10048174858093
