precision,accuracy,recall,duration
0.9275425578350065,0.927007299270073,0.924025974025974,0.00081634521484375
