precision,accuracy,recall,duration
0.8838734567901234,0.8914728682170543,0.8838734567901234,128.41855478286743
