precision,accuracy,recall,duration
0.9102231447846394,0.9147286821705426,0.9066358024691358,202.42280316352844
