precision,accuracy,recall,duration
0.7357854159974302,0.9399092970521542,0.6477455716586151,56.950430393218994
