precision,accuracy,recall,duration
0.9084054657303064,0.9087591240875912,0.905952380952381,372.53476667404175
