precision,accuracy,recall,duration
0.6442786069651741,0.9416058394160584,0.5637362637362637,345.80249524116516
