precision,accuracy,recall,duration
0.8311264822134388,0.8577405857740585,0.7962864721485411,237.8822033405304
