precision,accuracy,recall,duration
0.6796257796257796,0.9308390022675737,0.6256038647342995,55.13721942901611
