precision,accuracy,recall,duration
0.9381598793363499,0.9457364341085271,0.9483024691358024,133.4198203086853
