precision,accuracy,recall,duration
0.8458943089430895,0.8828451882845189,0.8761715296198055,154.65630197525024
