precision,accuracy,recall,duration
0.9473417721518987,0.9534883720930233,0.9544753086419753,207.18372464179993
