precision,accuracy,recall,duration
0.9132117882117883,0.9224806201550387,0.9255401234567902,58.19415760040283
