precision,accuracy,recall,duration
0.9136513157894737,0.9124087591240876,0.9082792207792207,417.5954566001892
