precision,accuracy,recall,duration
0.9541644840230488,0.9534883720930233,0.9459876543209876,0.0008628368377685547
